[{"model": "admin.logentry", "pk": 1, "fields": {"action_time": "2026-07-08T11:25:31.436Z", "user": 1, "content_type": 7, "object_id": "1", "object_repr": "users.view", "action_flag": 1, "change_message": "[{\"added\": {}}]"}}, {"model": "admin.logentry", "pk": 2, "fields": {"action_time": "2026-07-08T11:26:09.606Z", "user": 1, "content_type": 7, "object_id": "2", "object_repr": "users.create", "action_flag": 1, "change_message": "[{\"added\": {}}]"}}, {"model": "admin.logentry", "pk": 3, "fields": {"action_time": "2026-07-08T11:26:31.789Z", "user": 1, "content_type": 7, "object_id": "3", "object_repr": "users.edit", "action_flag": 1, "change_message": "[{\"added\": {}}]"}}, {"model": "admin.logentry", "pk": 4, "fields": {"action_time": "2026-07-08T11:26:57.070Z", "user": 1, "content_type": 7, "object_id": "4", "object_repr": "users.delete", "action_flag": 1, "change_message": "[{\"added\": {}}]"}}, {"model": "admin.logentry", "pk": 5, "fields": {"action_time": "2026-07-08T11:27:18.898Z", "user": 1, "content_type": 7, "object_id": "5", "object_repr": "roles.view", "action_flag": 1, "change_message": "[{\"added\": {}}]"}}, {"model": "admin.logentry", "pk": 6, "fields": {"action_time": "2026-07-08T11:27:42.497Z", "user": 1, "content_type": 7, "object_id": "6", "object_repr": "roles.manage", "action_flag": 1, "change_message": "[{\"added\": {}}]"}}, {"model": "admin.logentry", "pk": 7, "fields": {"action_time": "2026-07-08T11:28:06.610Z", "user": 1, "content_type": 7, "object_id": "7", "object_repr": "permissions.view", "action_flag": 1, "change_message": "[{\"added\": {}}]"}}, {"model": "admin.logentry", "pk": 8, "fields": {"action_time": "2026-07-08T11:28:27.274Z", "user": 1, "content_type": 7, "object_id": "8", "object_repr": "audit.view", "action_flag": 1, "change_message": "[{\"added\": {}}]"}}, {"model": "admin.logentry", "pk": 9, "fields": {"action_time": "2026-07-10T06:44:42.251Z", "user": 1, "content_type": 8, "object_id": "4", "object_repr": "Customer", "action_flag": 3, "change_message": ""}}, {"model": "auth.group", "pk": 1, "fields": {"name": "Admin", "permissions": []}}, {"model": "auth.group", "pk": 2, "fields": {"name": "Manager", "permissions": []}}, {"model": "auth.group", "pk": 3, "fields": {"name": "Staff", "permissions": []}}, {"model": "auth.group", "pk": 4, "fields": {"name": "Customer", "permissions": []}}, {"model": "auth.user", "pk": 1, "fields": {"password": "pbkdf2_sha256$1200000$PWBzoOlvPCKktth0GP2nKD$vofyB73QFhg81BYccEzr9s0gxlZOCDcQhJ1SYVtuKI8=", "last_login": "2026-07-11T04:49:23.520Z", "is_superuser": true, "username": "jiyad", "first_name": "", "last_name": "", "email": "jiyadhrahman050@gmail.com", "is_staff": true, "is_active": true, "date_joined": "2026-07-04T10:51:14.694Z", "groups": [], "user_permissions": []}}, {"model": "auth.user", "pk": 2, "fields": {"password": "pbkdf2_sha256$1200000$q9aBIGdnvaNyFN5n0OdMUE$72uML7s5BKJTJIzUhGBZGlMEmgeOBURswgXaIeDIQvY=", "last_login": null, "is_superuser": false, "username": "john", "first_name": "", "last_name": "", "email": "john@gmail.com", "is_staff": false, "is_active": true, "date_joined": "2026-07-05T18:46:56.337Z", "groups": [], "user_permissions": []}}, {"model": "auth.user", "pk": 3, "fields": {"password": "pbkdf2_sha256$1200000$zCSCw6zR4RgAQ9b4GQ7FYx$29EhFPuMmEniqLZEMo2/sCt59IdRiTau0ce+AYarvoY=", "last_login": null, "is_superuser": false, "username": "sabic", "first_name": "", "last_name": "", "email": "sabic@123.com", "is_staff": false, "is_active": true, "date_joined": "2026-07-09T11:44:17.119Z", "groups": [], "user_permissions": []}}, {"model": "auth.user", "pk": 4, "fields": {"password": "pbkdf2_sha256$1200000$RMmyyR6r591CfUlfvnx5vf$WudL9h3tayL89y41JCUGfswXDrJxU38NxBKDRLeEShM=", "last_login": null, "is_superuser": false, "username": "hisan", "first_name": "", "last_name": "", "email": "hisan@123.com", "is_staff": false, "is_active": true, "date_joined": "2026-07-10T15:31:15.000Z", "groups": [], "user_permissions": []}}, {"model": "auth.user", "pk": 5, "fields": {"password": "pbkdf2_sha256$1200000$QyPv3bqISXoOkTUcXWqL77$AWgJy4Qle59IxVcBhaotKyEQ2ncTBm9btWTDXDQ6LJY=", "last_login": null, "is_superuser": false, "username": "ansil", "first_name": "", "last_name": "", "email": "ansil@123.com", "is_staff": false, "is_active": true, "date_joined": "2026-07-10T15:33:24.139Z", "groups": [], "user_permissions": []}}, {"model": "auth.user", "pk": 6, "fields": {"password": "pbkdf2_sha256$1200000$3RmomJ5cTOpB5EaDBpgk3I$xx07BpdgAxD0tPjDYn+B2O6vbLVIBB0WZR2HBN87HwI=", "last_login": null, "is_superuser": false, "username": "ummerali", "first_name": "", "last_name": "", "email": "ummer@123.com", "is_staff": false, "is_active": true, "date_joined": "2026-07-11T07:19:07.500Z", "groups": [], "user_permissions": []}}, {"model": "auth.user", "pk": 7, "fields": {"password": "pbkdf2_sha256$1200000$Aw3ci8XnKkXPfOdP5LbMHd$rhtEGA7KojyVLyXzRMRogm8Lq9Rgrdj249KU7FdoA4Y=", "last_login": null, "is_superuser": false, "username": "aishwerya", "first_name": "", "last_name": "", "email": "aish123@ai.com", "is_staff": false, "is_active": true, "date_joined": "2026-07-11T11:01:06.260Z", "groups": [], "user_permissions": []}}, {"model": "auth.user", "pk": 8, "fields": {"password": "pbkdf2_sha256$1200000$9NWrMVkXvj1QnRoZj7ban1$msX3TU7ZzkGfDN6BY3cGoTNwqeXhAkg1I0GsaSyvP70=", "last_login": null, "is_superuser": false, "username": "swetha", "first_name": "", "last_name": "", "email": "swee123@sw.com", "is_staff": false, "is_active": true, "date_joined": "2026-07-11T11:06:02.635Z", "groups": [], "user_permissions": []}}, {"model": "auth.user", "pk": 9, "fields": {"password": "pbkdf2_sha256$1200000$lHvuaDsYinoZ1p8oEmleRM$LQPXoaU36Rbo2jdIzNzuAJqI9Fjal/AUOMqQno4orcU=", "last_login": null, "is_superuser": false, "username": "tenin", "first_name": "", "last_name": "", "email": "teni@123.com", "is_staff": false, "is_active": true, "date_joined": "2026-07-11T11:09:32.524Z", "groups": [], "user_permissions": []}}, {"model": "auth.user", "pk": 10, "fields": {"password": "pbkdf2_sha256$1200000$TPQ7XS1JeocKC2VLPa1HaR$P6hrnjzKNK49ENFOS0/aC4CZcuS/ABoPKcwj9bYADDY=", "last_login": null, "is_superuser": false, "username": "johnn", "first_name": "", "last_name": "", "email": "john@gmail.com", "is_staff": false, "is_active": false, "date_joined": "2026-07-12T05:07:00.068Z", "groups": [], "user_permissions": []}}, {"model": "auth.user", "pk": 11, "fields": {"password": "pbkdf2_sha256$1200000$scLArCHlMmQMLRzxkLhJjm$ll80G0GDtXD6m8P7RNo7GcMJNHPZYCQtU1kWiiOHr9s=", "last_login": null, "is_superuser": false, "username": "thor", "first_name": "", "last_name": "", "email": "thor@123.com", "is_staff": false, "is_active": true, "date_joined": "2026-07-12T13:03:43.306Z", "groups": [], "user_permissions": []}}, {"model": "sessions.session", "pk": "0cqsi8uezov45lj6w3qs6xpn3jkdywei", "fields": {"session_data": ".eJxVjMsOwiAQAP9lz4bwrNCj934DWdhFqoYmpT0Z_9006UGvM5N5Q8R9q3HvvMaZYAQFl1-WMD-5HYIe2O6LyEvb1jmJIxGn7WJaiF-3s_0bVOwVRrCOCzmpjPFkvRoGZGOdsYzonCRUXoYSdLJScw6yECWdryl754MlNPD5AtIHN8w:1wiPeT:U-93HgMocVvRxafKblhQCPrNhn_sEcMADYMbM6enFOQ", "expire_date": "2026-07-25T04:49:21.419Z"}}, {"model": "sessions.session", "pk": "gw07wwk2k6fg46qvk86gtlbdjiyunorv", "fields": {"session_data": ".eJxVjMsOwiAQAP9lz4bwrNCj934DWdhFqoYmpT0Z_9006UGvM5N5Q8R9q3HvvMaZYAQFl1-WMD-5HYIe2O6LyEvb1jmJIxGn7WJaiF-3s_0bVOwVRrCOCzmpjPFkvRoGZGOdsYzonCRUXoYSdLJScw6yECWdryl754MlNPD5AtIHN8w:1wghsS:nxcp57cHjhZTUjbIyEU1JRYIZSfH0d7nw8fh4cSG7x0", "expire_date": "2026-07-20T11:52:44.407Z"}}, {"model": "sessions.session", "pk": "va91sw66e9s7cnhaprw8xbwuwhby3n9b", "fields": {"session_data": ".eJxVjMsOwiAQAP9lz4bwrNCj934DWdhFqoYmpT0Z_9006UGvM5N5Q8R9q3HvvMaZYAQFl1-WMD-5HYIe2O6LyEvb1jmJIxGn7WJaiF-3s_0bVOwVRrCOCzmpjPFkvRoGZGOdsYzonCRUXoYSdLJScw6yECWdryl754MlNPD5AtIHN8w:1wiPeV:YMwn7-plD2SfdPKUMMrE8kaXQ2XvYq5xm9PCS_Ramxs", "expire_date": "2026-07-25T04:49:23.528Z"}}, {"model": "sessions.session", "pk": "zp997u116pov3jicukbe33azna69w1f2", "fields": {"session_data": ".eJxVjMsOwiAQAP9lz4bwrNCj934DWdhFqoYmpT0Z_9006UGvM5N5Q8R9q3HvvMaZYAQFl1-WMD-5HYIe2O6LyEvb1jmJIxGn7WJaiF-3s_0bVOwVRrCOCzmpjPFkvRoGZGOdsYzonCRUXoYSdLJScw6yECWdryl754MlNPD5AtIHN8w:1wi4uE:IEbW0QgXMh3vEuHahv1morOn9TnGSCrmWdDzNXNPzTU", "expire_date": "2026-07-24T06:40:14.555Z"}}, {"model": "accounts.permission", "pk": 1, "fields": {"name": "View Users", "codename": "users.view", "description": "Allows viewing the user list.", "created_at": "2026-07-08T11:25:31.430Z"}}, {"model": "accounts.permission", "pk": 2, "fields": {"name": "Create Users", "codename": "users.create", "description": "Allows creating new users.", "created_at": "2026-07-08T11:26:09.604Z"}}, {"model": "accounts.permission", "pk": 3, "fields": {"name": "Edit Users", "codename": "users.edit", "description": "Allows editing user details.", "created_at": "2026-07-08T11:26:31.787Z"}}, {"model": "accounts.permission", "pk": 4, "fields": {"name": "Delete Users", "codename": "users.delete", "description": "Allows deactivating users.", "created_at": "2026-07-08T11:26:57.068Z"}}, {"model": "accounts.permission", "pk": 5, "fields": {"name": "View Roles", "codename": "roles.view", "description": "Allows viewing roles.", "created_at": "2026-07-08T11:27:18.896Z"}}, {"model": "accounts.permission", "pk": 6, "fields": {"name": "Manage Roles", "codename": "roles.manage", "description": "Allows creating and editing roles.", "created_at": "2026-07-08T11:27:42.495Z"}}, {"model": "accounts.permission", "pk": 7, "fields": {"name": "View Permissions", "codename": "permissions.view", "description": "Allows viewing permissions.", "created_at": "2026-07-08T11:28:06.609Z"}}, {"model": "accounts.permission", "pk": 8, "fields": {"name": "View Audit Log", "codename": "audit.view", "description": "Allows viewing audit logs.", "created_at": "2026-07-08T11:28:27.272Z"}}, {"model": "accounts.role", "pk": 1, "fields": {"name": "Admin", "description": null, "created_at": "2026-07-05T04:48:49.850Z"}}, {"model": "accounts.role", "pk": 2, "fields": {"name": "Manager", "description": null, "created_at": "2026-07-05T04:49:04.538Z"}}, {"model": "accounts.role", "pk": 3, "fields": {"name": "Viewer", "description": null, "created_at": "2026-07-05T04:49:14.369Z"}}, {"model": "accounts.rolepermission", "pk": 1, "fields": {"role": 1, "permission": 2}}, {"model": "accounts.rolepermission", "pk": 17, "fields": {"role": 3, "permission": 7}}, {"model": "accounts.rolepermission", "pk": 18, "fields": {"role": 3, "permission": 5}}, {"model": "accounts.rolepermission", "pk": 19, "fields": {"role": 3, "permission": 1}}, {"model": "accounts.rolepermission", "pk": 47, "fields": {"role": 1, "permission": 4}}, {"model": "accounts.rolepermission", "pk": 48, "fields": {"role": 1, "permission": 1}}, {"model": "accounts.rolepermission", "pk": 49, "fields": {"role": 1, "permission": 3}}, {"model": "accounts.rolepermission", "pk": 50, "fields": {"role": 1, "permission": 6}}, {"model": "accounts.rolepermission", "pk": 51, "fields": {"role": 1, "permission": 5}}, {"model": "accounts.rolepermission", "pk": 52, "fields": {"role": 1, "permission": 8}}, {"model": "accounts.rolepermission", "pk": 53, "fields": {"role": 1, "permission": 7}}, {"model": "accounts.rolepermission", "pk": 55, "fields": {"role": 2, "permission": 3}}, {"model": "accounts.rolepermission", "pk": 56, "fields": {"role": 2, "permission": 1}}, {"model": "accounts.rolepermission", "pk": 57, "fields": {"role": 2, "permission": 5}}, {"model": "accounts.rolepermission", "pk": 58, "fields": {"role": 2, "permission": 6}}, {"model": "accounts.rolepermission", "pk": 59, "fields": {"role": 2, "permission": 8}}, {"model": "accounts.rolepermission", "pk": 60, "fields": {"role": 2, "permission": 7}}, {"model": "accounts.rolepermission", "pk": 61, "fields": {"role": 3, "permission": 8}}, {"model": "accounts.userrole", "pk": 5, "fields": {"user": 7, "role": 3, "assigned_at": "2026-07-12T01:51:25.705Z"}}, {"model": "accounts.userrole", "pk": 6, "fields": {"user": 6, "role": 3, "assigned_at": "2026-07-12T01:51:33.169Z"}}, {"model": "accounts.userrole", "pk": 7, "fields": {"user": 5, "role": 2, "assigned_at": "2026-07-12T01:51:38.850Z"}}, {"model": "accounts.userrole", "pk": 8, "fields": {"user": 5, "role": 3, "assigned_at": "2026-07-12T01:51:38.860Z"}}, {"model": "accounts.userrole", "pk": 9, "fields": {"user": 4, "role": 2, "assigned_at": "2026-07-12T01:51:58.773Z"}}, {"model": "accounts.userrole", "pk": 10, "fields": {"user": 4, "role": 3, "assigned_at": "2026-07-12T01:51:58.781Z"}}, {"model": "accounts.userrole", "pk": 21, "fields": {"user": 8, "role": 3, "assigned_at": "2026-07-12T04:48:19.369Z"}}, {"model": "accounts.userrole", "pk": 28, "fields": {"user": 3, "role": 3, "assigned_at": "2026-07-12T05:55:54.678Z"}}, {"model": "accounts.userrole", "pk": 33, "fields": {"user": 2, "role": 1, "assigned_at": "2026-07-12T06:17:56.068Z"}}, {"model": "accounts.userrole", "pk": 34, "fields": {"user": 2, "role": 2, "assigned_at": "2026-07-12T06:17:56.077Z"}}, {"model": "accounts.userrole", "pk": 36, "fields": {"user": 10, "role": 2, "assigned_at": "2026-07-12T07:35:15.034Z"}}, {"model": "accounts.userrole", "pk": 37, "fields": {"user": 9, "role": 3, "assigned_at": "2026-07-12T08:40:23.854Z"}}, {"model": "accounts.userrole", "pk": 38, "fields": {"user": 1, "role": 1, "assigned_at": "2026-07-12T08:47:48.790Z"}}, {"model": "accounts.userrole", "pk": 39, "fields": {"user": 1, "role": 2, "assigned_at": "2026-07-12T08:47:48.795Z"}}, {"model": "accounts.userrole", "pk": 40, "fields": {"user": 1, "role": 3, "assigned_at": "2026-07-12T08:47:48.801Z"}}, {"model": "accounts.userrole", "pk": 42, "fields": {"user": 11, "role": 1, "assigned_at": "2026-07-12T15:58:32.398Z"}}, {"model": "accounts.auditlog", "pk": 1, "fields": {"actor": 1, "action": "CREATE", "model_name": "User", "object_id": "3", "description": "Created user sabic@123.com", "ip_address": "127.0.0.1", "created_at": "2026-07-09T11:44:18.324Z"}}, {"model": "accounts.auditlog", "pk": 2, "fields": {"actor": 1, "action": "DELETE", "model_name": "User", "object_id": "3", "description": "Disabled user sabic@123.com", "ip_address": "127.0.0.1", "created_at": "2026-07-09T11:44:35.748Z"}}, {"model": "accounts.auditlog", "pk": 3, "fields": {"actor": 1, "action": "UPDATE", "model_name": "User", "object_id": "1", "description": "Updated user jiyadhrahman050@gmail.com", "ip_address": "127.0.0.1", "created_at": "2026-07-09T11:45:03.670Z"}}, {"model": "accounts.auditlog", "pk": 4, "fields": {"actor": 1, "action": "UPDATE", "model_name": "User", "object_id": "3", "description": "Updated user sabic@123.com", "ip_address": "127.0.0.1", "created_at": "2026-07-10T10:49:34.033Z"}}, {"model": "accounts.auditlog", "pk": 5, "fields": {"actor": 1, "action": "UPDATE", "model_name": "User", "object_id": "3", "description": "Updated user sabic@123.com", "ip_address": "127.0.0.1", "created_at": "2026-07-10T10:49:46.833Z"}}, {"model": "accounts.auditlog", "pk": 6, "fields": {"actor": 1, "action": "UPDATE", "model_name": "User", "object_id": "5", "description": "Updated user ansil@123.com", "ip_address": "127.0.0.1", "created_at": "2026-07-10T15:34:02.736Z"}}, {"model": "accounts.auditlog", "pk": 7, "fields": {"actor": 5, "action": "UPDATE", "model_name": "User", "object_id": "5", "description": "Updated user ansil@123.com", "ip_address": "127.0.0.1", "created_at": "2026-07-10T15:47:17.402Z"}}, {"model": "accounts.auditlog", "pk": 8, "fields": {"actor": 5, "action": "DELETE", "model_name": "User", "object_id": "3", "description": "Disabled user sabic@123.com", "ip_address": "127.0.0.1", "created_at": "2026-07-10T15:47:31.295Z"}}, {"model": "accounts.auditlog", "pk": 9, "fields": {"actor": 5, "action": "DELETE", "model_name": "User", "object_id": "3", "description": "Disabled user sabic@123.com", "ip_address": "127.0.0.1", "created_at": "2026-07-10T15:47:43.557Z"}}, {"model": "accounts.auditlog", "pk": 10, "fields": {"actor": 5, "action": "UPDATE", "model_name": "User", "object_id": "3", "description": "Updated user sabic@123.com", "ip_address": "127.0.0.1", "created_at": "2026-07-10T15:47:50.103Z"}}, {"model": "accounts.auditlog", "pk": 11, "fields": {"actor": null, "action": "auth.login", "model_name": "Authentication", "object_id": "1", "description": "Signed in from 127.0.0.1", "ip_address": "127.0.0.1", "created_at": "2026-07-11T05:22:33.074Z"}}, {"model": "accounts.auditlog", "pk": 12, "fields": {"actor": null, "action": "auth.login", "model_name": "Authentication", "object_id": "1", "description": "Signed in from 127.0.0.1", "ip_address": "127.0.0.1", "created_at": "2026-07-11T06:00:03.463Z"}}, {"model": "accounts.auditlog", "pk": 13, "fields": {"actor": null, "action": "auth.login", "model_name": "Authentication", "object_id": "1", "description": "Signed in from 127.0.0.1", "ip_address": "127.0.0.1", "created_at": "2026-07-11T06:18:25.124Z"}}, {"model": "accounts.auditlog", "pk": 14, "fields": {"actor": null, "action": "auth.login", "model_name": "Authentication", "object_id": "1", "description": "Signed in from 127.0.0.1", "ip_address": "127.0.0.1", "created_at": "2026-07-11T06:27:41.451Z"}}, {"model": "accounts.auditlog", "pk": 15, "fields": {"actor": null, "action": "auth.login", "model_name": "Authentication", "object_id": "1", "description": "Signed in from 127.0.0.1", "ip_address": "127.0.0.1", "created_at": "2026-07-11T07:17:00.339Z"}}, {"model": "accounts.auditlog", "pk": 16, "fields": {"actor": null, "action": "auth.login", "model_name": "Authentication", "object_id": "1", "description": "Signed in from 127.0.0.1", "ip_address": "127.0.0.1", "created_at": "2026-07-11T07:31:15.562Z"}}, {"model": "accounts.auditlog", "pk": 17, "fields": {"actor": null, "action": "auth.login", "model_name": "Authentication", "object_id": "1", "description": "Signed in from 127.0.0.1", "ip_address": "127.0.0.1", "created_at": "2026-07-11T09:26:48.057Z"}}, {"model": "accounts.auditlog", "pk": 18, "fields": {"actor": 1, "action": "user.deactivate", "model_name": "User", "object_id": "3", "description": "Disabled user sabic@123.com", "ip_address": "127.0.0.1", "created_at": "2026-07-11T09:27:36.246Z"}}, {"model": "accounts.auditlog", "pk": 19, "fields": {"actor": 1, "action": "user.deactivate", "model_name": "User", "object_id": "3", "description": "Disabled user sabic@123.com", "ip_address": "127.0.0.1", "created_at": "2026-07-11T09:27:56.858Z"}}, {"model": "accounts.auditlog", "pk": 20, "fields": {"actor": 1, "action": "user.update", "model_name": "User", "object_id": "3", "description": "Updated user sabic@123.com", "ip_address": "127.0.0.1", "created_at": "2026-07-11T09:28:06.970Z"}}, {"model": "accounts.auditlog", "pk": 21, "fields": {"actor": null, "action": "auth.login", "model_name": "Authentication", "object_id": "1", "description": "Signed in from 127.0.0.1", "ip_address": "127.0.0.1", "created_at": "2026-07-11T10:33:34.167Z"}}, {"model": "accounts.auditlog", "pk": 22, "fields": {"actor": null, "action": "auth.login", "model_name": "Authentication", "object_id": "1", "description": "Signed in from 127.0.0.1", "ip_address": "127.0.0.1", "created_at": "2026-07-11T10:59:37.041Z"}}, {"model": "accounts.auditlog", "pk": 23, "fields": {"actor": null, "action": "auth.login", "model_name": "Authentication", "object_id": "1", "description": "Signed in from 127.0.0.1", "ip_address": "127.0.0.1", "created_at": "2026-07-11T11:02:19.822Z"}}, {"model": "accounts.auditlog", "pk": 24, "fields": {"actor": null, "action": "auth.login", "model_name": "Authentication", "object_id": "1", "description": "Signed in from 127.0.0.1", "ip_address": "127.0.0.1", "created_at": "2026-07-11T11:07:40.892Z"}}, {"model": "accounts.auditlog", "pk": 25, "fields": {"actor": 1, "action": "user.update", "model_name": "User", "object_id": "8", "description": "Updated user swee123@sw.com", "ip_address": "127.0.0.1", "created_at": "2026-07-11T11:08:40.359Z"}}, {"model": "accounts.auditlog", "pk": 26, "fields": {"actor": null, "action": "auth.login", "model_name": "Authentication", "object_id": "1", "description": "Signed in from 127.0.0.1", "ip_address": "127.0.0.1", "created_at": "2026-07-11T11:30:24.844Z"}}, {"model": "accounts.auditlog", "pk": 27, "fields": {"actor": 1, "action": "user.update", "model_name": "User", "object_id": "9", "description": "Updated user teni@123.com", "ip_address": "127.0.0.1", "created_at": "2026-07-11T11:32:20.359Z"}}, {"model": "accounts.auditlog", "pk": 28, "fields": {"actor": 1, "action": "user.update", "model_name": "User", "object_id": "9", "description": "Updated user teni@123.com", "ip_address": "127.0.0.1", "created_at": "2026-07-11T11:32:27.850Z"}}, {"model": "accounts.auditlog", "pk": 29, "fields": {"actor": 1, "action": "user.update", "model_name": "User", "object_id": "8", "description": "Updated user swee123@sw.com", "ip_address": "127.0.0.1", "created_at": "2026-07-11T11:32:32.092Z"}}, {"model": "accounts.auditlog", "pk": 30, "fields": {"actor": 1, "action": "user.update", "model_name": "User", "object_id": "1", "description": "Updated user jiyadhrahman050@gmail.com", "ip_address": "127.0.0.1", "created_at": "2026-07-11T11:32:43.462Z"}}, {"model": "accounts.auditlog", "pk": 31, "fields": {"actor": null, "action": "auth.login", "model_name": "Authentication", "object_id": "1", "description": "Signed in from 127.0.0.1", "ip_address": "127.0.0.1", "created_at": "2026-07-11T11:33:28.401Z"}}, {"model": "accounts.auditlog", "pk": 32, "fields": {"actor": null, "action": "auth.login", "model_name": "Authentication", "object_id": "1", "description": "Signed in from 127.0.0.1", "ip_address": "127.0.0.1", "created_at": "2026-07-11T11:40:23.767Z"}}, {"model": "accounts.auditlog", "pk": 33, "fields": {"actor": null, "action": "auth.login", "model_name": "Authentication", "object_id": "1", "description": "Signed in from 127.0.0.1", "ip_address": "127.0.0.1", "created_at": "2026-07-12T01:50:44.453Z"}}, {"model": "accounts.auditlog", "pk": 34, "fields": {"actor": 1, "action": "user.update", "model_name": "User", "object_id": "9", "description": "Updated user teni@123.com", "ip_address": "127.0.0.1", "created_at": "2026-07-12T01:51:09.722Z"}}, {"model": "accounts.auditlog", "pk": 35, "fields": {"actor": 1, "action": "user.update", "model_name": "User", "object_id": "8", "description": "Updated user swee123@sw.com", "ip_address": "127.0.0.1", "created_at": "2026-07-12T01:51:20.265Z"}}, {"model": "accounts.auditlog", "pk": 36, "fields": {"actor": 1, "action": "user.update", "model_name": "User", "object_id": "7", "description": "Updated user aish123@ai.com", "ip_address": "127.0.0.1", "created_at": "2026-07-12T01:51:25.716Z"}}, {"model": "accounts.auditlog", "pk": 37, "fields": {"actor": 1, "action": "user.update", "model_name": "User", "object_id": "6", "description": "Updated user ummer@123.com", "ip_address": "127.0.0.1", "created_at": "2026-07-12T01:51:33.178Z"}}, {"model": "accounts.auditlog", "pk": 38, "fields": {"actor": 1, "action": "user.update", "model_name": "User", "object_id": "5", "description": "Updated user ansil@123.com", "ip_address": "127.0.0.1", "created_at": "2026-07-12T01:51:38.867Z"}}, {"model": "accounts.auditlog", "pk": 39, "fields": {"actor": 1, "action": "user.update", "model_name": "User", "object_id": "4", "description": "Updated user hisan@123.com", "ip_address": "127.0.0.1", "created_at": "2026-07-12T01:51:58.789Z"}}, {"model": "accounts.auditlog", "pk": 40, "fields": {"actor": 1, "action": "user.update", "model_name": "User", "object_id": "3", "description": "Updated user sabic@123.com", "ip_address": "127.0.0.1", "created_at": "2026-07-12T01:52:08.870Z"}}, {"model": "accounts.auditlog", "pk": 41, "fields": {"actor": 1, "action": "user.update", "model_name": "User", "object_id": "2", "description": "Updated user john@gmail.com", "ip_address": "127.0.0.1", "created_at": "2026-07-12T01:52:15.222Z"}}, {"model": "accounts.auditlog", "pk": 42, "fields": {"actor": 1, "action": "user.update", "model_name": "User", "object_id": "1", "description": "Updated user jiyadhrahman050@gmail.com", "ip_address": "127.0.0.1", "created_at": "2026-07-12T01:52:24.548Z"}}, {"model": "accounts.auditlog", "pk": 43, "fields": {"actor": null, "action": "auth.login", "model_name": "Authentication", "object_id": "1", "description": "Signed in from 127.0.0.1", "ip_address": "127.0.0.1", "created_at": "2026-07-12T01:59:18.309Z"}}, {"model": "accounts.auditlog", "pk": 44, "fields": {"actor": null, "action": "auth.login", "model_name": "Authentication", "object_id": "1", "description": "Signed in from 127.0.0.1", "ip_address": "127.0.0.1", "created_at": "2026-07-12T04:31:49.556Z"}}, {"model": "accounts.auditlog", "pk": 45, "fields": {"actor": 1, "action": "user.update", "model_name": "User", "object_id": "2", "description": "Updated user john@gmail.com", "ip_address": "127.0.0.1", "created_at": "2026-07-12T04:32:30.501Z"}}, {"model": "accounts.auditlog", "pk": 46, "fields": {"actor": 1, "action": "user.update", "model_name": "User", "object_id": "2", "description": "Updated user john@gmail.com", "ip_address": "127.0.0.1", "created_at": "2026-07-12T04:32:53.544Z"}}, {"model": "accounts.auditlog", "pk": 47, "fields": {"actor": null, "action": "auth.login", "model_name": "Authentication", "object_id": "1", "description": "Signed in from 127.0.0.1", "ip_address": "127.0.0.1", "created_at": "2026-07-12T04:39:46.018Z"}}, {"model": "accounts.auditlog", "pk": 48, "fields": {"actor": null, "action": "auth.login", "model_name": "Authentication", "object_id": "1", "description": "Signed in from 127.0.0.1", "ip_address": "127.0.0.1", "created_at": "2026-07-12T04:43:57.218Z"}}, {"model": "accounts.auditlog", "pk": 49, "fields": {"actor": 1, "action": "user.update", "model_name": "User", "object_id": "2", "description": "Updated user john@gmail.com", "ip_address": "127.0.0.1", "created_at": "2026-07-12T04:47:26.313Z"}}, {"model": "accounts.auditlog", "pk": 50, "fields": {"actor": 1, "action": "user.update", "model_name": "User", "object_id": "8", "description": "Updated user swee123@sw.com", "ip_address": "127.0.0.1", "created_at": "2026-07-12T04:48:04.428Z"}}, {"model": "accounts.auditlog", "pk": 51, "fields": {"actor": 1, "action": "user.update", "model_name": "User", "object_id": "8", "description": "Updated user swee123@sw.com", "ip_address": "127.0.0.1", "created_at": "2026-07-12T04:48:19.375Z"}}, {"model": "accounts.auditlog", "pk": 52, "fields": {"actor": null, "action": "auth.login", "model_name": "Authentication", "object_id": "1", "description": "Signed in from 127.0.0.1", "ip_address": "127.0.0.1", "created_at": "2026-07-12T05:03:55.408Z"}}, {"model": "accounts.auditlog", "pk": 53, "fields": {"actor": 1, "action": "user.deactivate", "model_name": "User", "object_id": "2", "description": "Disabled user john@gmail.com", "ip_address": "127.0.0.1", "created_at": "2026-07-12T05:05:32.055Z"}}, {"model": "accounts.auditlog", "pk": 54, "fields": {"actor": 1, "action": "user.create", "model_name": "User", "object_id": "10", "description": "Created user john@gmail.com", "ip_address": "127.0.0.1", "created_at": "2026-07-12T05:07:01.264Z"}}, {"model": "accounts.auditlog", "pk": 55, "fields": {"actor": null, "action": "auth.login", "model_name": "Authentication", "object_id": "1", "description": "Signed in from 127.0.0.1", "ip_address": "127.0.0.1", "created_at": "2026-07-12T05:20:47.194Z"}}, {"model": "accounts.auditlog", "pk": 56, "fields": {"actor": null, "action": "auth.login", "model_name": "Authentication", "object_id": "1", "description": "Signed in from 127.0.0.1", "ip_address": "127.0.0.1", "created_at": "2026-07-12T05:54:19.050Z"}}, {"model": "accounts.auditlog", "pk": 57, "fields": {"actor": 1, "action": "user.update", "model_name": "User", "object_id": "2", "description": "Updated user john@gmail.com", "ip_address": "127.0.0.1", "created_at": "2026-07-12T05:55:26.508Z"}}, {"model": "accounts.auditlog", "pk": 58, "fields": {"actor": 1, "action": "user.update", "model_name": "User", "object_id": "2", "description": "Updated user john@gmail.com", "ip_address": "127.0.0.1", "created_at": "2026-07-12T05:55:32.443Z"}}, {"model": "accounts.auditlog", "pk": 59, "fields": {"actor": 1, "action": "user.update", "model_name": "User", "object_id": "3", "description": "Updated user sabic@123.com", "ip_address": "127.0.0.1", "created_at": "2026-07-12T05:55:40.975Z"}}, {"model": "accounts.auditlog", "pk": 60, "fields": {"actor": 1, "action": "user.update", "model_name": "User", "object_id": "3", "description": "Updated user sabic@123.com", "ip_address": "127.0.0.1", "created_at": "2026-07-12T05:55:54.684Z"}}, {"model": "accounts.auditlog", "pk": 61, "fields": {"actor": null, "action": "auth.login", "model_name": "Authentication", "object_id": "9", "description": "Signed in from 127.0.0.1", "ip_address": "127.0.0.1", "created_at": "2026-07-12T06:17:25.625Z"}}, {"model": "accounts.auditlog", "pk": 62, "fields": {"actor": 9, "action": "user.update", "model_name": "User", "object_id": "2", "description": "Updated user john@gmail.com", "ip_address": "127.0.0.1", "created_at": "2026-07-12T06:17:49.671Z"}}, {"model": "accounts.auditlog", "pk": 63, "fields": {"actor": 9, "action": "user.update", "model_name": "User", "object_id": "2", "description": "Updated user john@gmail.com", "ip_address": "127.0.0.1", "created_at": "2026-07-12T06:17:52.733Z"}}, {"model": "accounts.auditlog", "pk": 64, "fields": {"actor": 9, "action": "user.update", "model_name": "User", "object_id": "2", "description": "Updated user john@gmail.com", "ip_address": "127.0.0.1", "created_at": "2026-07-12T06:17:56.082Z"}}, {"model": "accounts.auditlog", "pk": 65, "fields": {"actor": 9, "action": "user.deactivate", "model_name": "User", "object_id": "10", "description": "Disabled user john@gmail.com", "ip_address": "127.0.0.1", "created_at": "2026-07-12T06:18:09.452Z"}}, {"model": "accounts.auditlog", "pk": 66, "fields": {"actor": 9, "action": "user.deactivate", "model_name": "User", "object_id": "10", "description": "Disabled user john@gmail.com", "ip_address": "127.0.0.1", "created_at": "2026-07-12T06:18:15.630Z"}}, {"model": "accounts.auditlog", "pk": 67, "fields": {"actor": 9, "action": "user.deactivate", "model_name": "User", "object_id": "10", "description": "Disabled user john@gmail.com", "ip_address": "127.0.0.1", "created_at": "2026-07-12T06:18:19.224Z"}}, {"model": "accounts.auditlog", "pk": 68, "fields": {"actor": 9, "action": "user.deactivate", "model_name": "User", "object_id": "10", "description": "Disabled user john@gmail.com", "ip_address": "127.0.0.1", "created_at": "2026-07-12T06:18:25.635Z"}}, {"model": "accounts.auditlog", "pk": 69, "fields": {"actor": null, "action": "auth.login", "model_name": "Authentication", "object_id": "1", "description": "Signed in from 127.0.0.1", "ip_address": "127.0.0.1", "created_at": "2026-07-12T06:42:44.505Z"}}, {"model": "accounts.auditlog", "pk": 70, "fields": {"actor": 1, "action": "user.deactivate", "model_name": "User", "object_id": "10", "description": "Disabled user john@gmail.com", "ip_address": "127.0.0.1", "created_at": "2026-07-12T06:45:33.805Z"}}, {"model": "accounts.auditlog", "pk": 71, "fields": {"actor": null, "action": "auth.login", "model_name": "Authentication", "object_id": "1", "description": "Signed in from 127.0.0.1", "ip_address": "127.0.0.1", "created_at": "2026-07-12T07:34:17.114Z"}}, {"model": "accounts.auditlog", "pk": 72, "fields": {"actor": 1, "action": "user.deactivate", "model_name": "User", "object_id": "10", "description": "Disabled user john@gmail.com", "ip_address": "127.0.0.1", "created_at": "2026-07-12T07:34:23.166Z"}}, {"model": "accounts.auditlog", "pk": 73, "fields": {"actor": 1, "action": "user.update", "model_name": "User", "object_id": "10", "description": "Updated user john@gmail.com", "ip_address": "127.0.0.1", "created_at": "2026-07-12T07:34:30.685Z"}}, {"model": "accounts.auditlog", "pk": 74, "fields": {"actor": 1, "action": "user.deactivate", "model_name": "User", "object_id": "10", "description": "Disabled user john@gmail.com", "ip_address": "127.0.0.1", "created_at": "2026-07-12T07:34:39.523Z"}}, {"model": "accounts.auditlog", "pk": 75, "fields": {"actor": 1, "action": "user.deactivate", "model_name": "User", "object_id": "10", "description": "Disabled user john@gmail.com", "ip_address": "127.0.0.1", "created_at": "2026-07-12T07:35:06.004Z"}}, {"model": "accounts.auditlog", "pk": 76, "fields": {"actor": 1, "action": "user.update", "model_name": "User", "object_id": "10", "description": "Updated user john@gmail.com", "ip_address": "127.0.0.1", "created_at": "2026-07-12T07:35:15.039Z"}}, {"model": "accounts.auditlog", "pk": 77, "fields": {"actor": 1, "action": "user.deactivate", "model_name": "User", "object_id": "10", "description": "Disabled user john@gmail.com", "ip_address": "127.0.0.1", "created_at": "2026-07-12T07:35:21.594Z"}}, {"model": "accounts.auditlog", "pk": 78, "fields": {"actor": null, "action": "auth.login", "model_name": "Authentication", "object_id": "1", "description": "Signed in from 127.0.0.1", "ip_address": "127.0.0.1", "created_at": "2026-07-12T08:34:55.274Z"}}, {"model": "accounts.auditlog", "pk": 79, "fields": {"actor": null, "action": "auth.login", "model_name": "Authentication", "object_id": "1", "description": "Signed in from 127.0.0.1", "ip_address": "127.0.0.1", "created_at": "2026-07-12T08:38:03.906Z"}}, {"model": "accounts.auditlog", "pk": 80, "fields": {"actor": 1, "action": "UPDATE", "model_name": "User", "object_id": "9", "description": "Updated user teni@123.com", "ip_address": "127.0.0.1", "created_at": "2026-07-12T08:40:23.859Z"}}, {"model": "accounts.auditlog", "pk": 81, "fields": {"actor": null, "action": "auth.login", "model_name": "Authentication", "object_id": "1", "description": "Signed in from 127.0.0.1", "ip_address": "127.0.0.1", "created_at": "2026-07-12T08:46:46.265Z"}}, {"model": "accounts.auditlog", "pk": 82, "fields": {"actor": 1, "action": "UPDATE", "model_name": "User", "object_id": "1", "description": "Updated user jiyadhrahman050@gmail.com", "ip_address": "127.0.0.1", "created_at": "2026-07-12T08:47:48.806Z"}}, {"model": "accounts.auditlog", "pk": 83, "fields": {"actor": null, "action": "auth.login", "model_name": "Authentication", "object_id": "1", "description": "Signed in from 127.0.0.1", "ip_address": "127.0.0.1", "created_at": "2026-07-12T08:53:59.016Z"}}, {"model": "accounts.auditlog", "pk": 84, "fields": {"actor": null, "action": "auth.login", "model_name": "Authentication", "object_id": "1", "description": "Signed in from 127.0.0.1", "ip_address": "127.0.0.1", "created_at": "2026-07-12T09:16:19.706Z"}}, {"model": "accounts.auditlog", "pk": 85, "fields": {"actor": null, "action": "auth.login", "model_name": "Authentication", "object_id": "1", "description": "Signed in from 127.0.0.1", "ip_address": "127.0.0.1", "created_at": "2026-07-12T09:26:11.863Z"}}, {"model": "accounts.auditlog", "pk": 86, "fields": {"actor": null, "action": "auth.login", "model_name": "Authentication", "object_id": "1", "description": "Signed in from 127.0.0.1", "ip_address": "127.0.0.1", "created_at": "2026-07-12T10:27:53.047Z"}}, {"model": "accounts.auditlog", "pk": 87, "fields": {"actor": null, "action": "auth.login", "model_name": "Authentication", "object_id": "1", "description": "Signed in from 127.0.0.1", "ip_address": "127.0.0.1", "created_at": "2026-07-12T10:41:28.804Z"}}, {"model": "accounts.auditlog", "pk": 88, "fields": {"actor": null, "action": "auth.login", "model_name": "Authentication", "object_id": "1", "description": "Signed in from 127.0.0.1", "ip_address": "127.0.0.1", "created_at": "2026-07-12T12:24:23.645Z"}}, {"model": "accounts.auditlog", "pk": 89, "fields": {"actor": 1, "action": "role.update", "model_name": "Role", "object_id": "1", "description": "Updated permissions for Admin", "ip_address": "127.0.0.1", "created_at": "2026-07-12T12:24:41.030Z"}}, {"model": "accounts.auditlog", "pk": 90, "fields": {"actor": 1, "action": "role.update", "model_name": "Role", "object_id": "1", "description": "Updated permissions for Admin", "ip_address": "127.0.0.1", "created_at": "2026-07-12T12:24:42.100Z"}}, {"model": "accounts.auditlog", "pk": 91, "fields": {"actor": 1, "action": "role.update", "model_name": "Role", "object_id": "1", "description": "Updated permissions for Admin", "ip_address": "127.0.0.1", "created_at": "2026-07-12T12:24:43.083Z"}}, {"model": "accounts.auditlog", "pk": 92, "fields": {"actor": 1, "action": "role.update", "model_name": "Role", "object_id": "1", "description": "Updated permissions for Admin", "ip_address": "127.0.0.1", "created_at": "2026-07-12T12:24:43.954Z"}}, {"model": "accounts.auditlog", "pk": 93, "fields": {"actor": 1, "action": "role.update", "model_name": "Role", "object_id": "1", "description": "Updated permissions for Admin", "ip_address": "127.0.0.1", "created_at": "2026-07-12T12:24:44.583Z"}}, {"model": "accounts.auditlog", "pk": 94, "fields": {"actor": 1, "action": "role.update", "model_name": "Role", "object_id": "1", "description": "Updated permissions for Admin", "ip_address": "127.0.0.1", "created_at": "2026-07-12T12:24:45.263Z"}}, {"model": "accounts.auditlog", "pk": 95, "fields": {"actor": 1, "action": "role.update", "model_name": "Role", "object_id": "1", "description": "Updated permissions for Admin", "ip_address": "127.0.0.1", "created_at": "2026-07-12T12:24:45.988Z"}}, {"model": "accounts.auditlog", "pk": 96, "fields": {"actor": 1, "action": "role.update", "model_name": "Role", "object_id": "1", "description": "Updated permissions for Admin", "ip_address": "127.0.0.1", "created_at": "2026-07-12T12:24:46.630Z"}}, {"model": "accounts.auditlog", "pk": 97, "fields": {"actor": 1, "action": "role.update", "model_name": "Role", "object_id": "2", "description": "Updated permissions for Manager", "ip_address": "127.0.0.1", "created_at": "2026-07-12T12:24:53.201Z"}}, {"model": "accounts.auditlog", "pk": 98, "fields": {"actor": 1, "action": "role.update", "model_name": "Role", "object_id": "2", "description": "Updated permissions for Manager", "ip_address": "127.0.0.1", "created_at": "2026-07-12T12:24:54.030Z"}}, {"model": "accounts.auditlog", "pk": 99, "fields": {"actor": 1, "action": "role.update", "model_name": "Role", "object_id": "2", "description": "Updated permissions for Manager", "ip_address": "127.0.0.1", "created_at": "2026-07-12T12:24:55.039Z"}}, {"model": "accounts.auditlog", "pk": 100, "fields": {"actor": 1, "action": "role.update", "model_name": "Role", "object_id": "2", "description": "Updated permissions for Manager", "ip_address": "127.0.0.1", "created_at": "2026-07-12T12:24:55.922Z"}}, {"model": "accounts.auditlog", "pk": 101, "fields": {"actor": 1, "action": "role.update", "model_name": "Role", "object_id": "2", "description": "Updated permissions for Manager", "ip_address": "127.0.0.1", "created_at": "2026-07-12T12:25:06.546Z"}}, {"model": "accounts.auditlog", "pk": 102, "fields": {"actor": 1, "action": "role.update", "model_name": "Role", "object_id": "2", "description": "Updated permissions for Manager", "ip_address": "127.0.0.1", "created_at": "2026-07-12T12:25:09.901Z"}}, {"model": "accounts.auditlog", "pk": 103, "fields": {"actor": 1, "action": "role.update", "model_name": "Role", "object_id": "2", "description": "Updated permissions for Manager", "ip_address": "127.0.0.1", "created_at": "2026-07-12T12:25:11.098Z"}}, {"model": "accounts.auditlog", "pk": 104, "fields": {"actor": 1, "action": "role.update", "model_name": "Role", "object_id": "2", "description": "Updated permissions for Manager", "ip_address": "127.0.0.1", "created_at": "2026-07-12T12:25:12.781Z"}}, {"model": "accounts.auditlog", "pk": 105, "fields": {"actor": 1, "action": "role.update", "model_name": "Role", "object_id": "3", "description": "Updated permissions for Viewer", "ip_address": "127.0.0.1", "created_at": "2026-07-12T12:25:19.811Z"}}, {"model": "accounts.auditlog", "pk": 106, "fields": {"actor": 1, "action": "role.update", "model_name": "Role", "object_id": "3", "description": "Updated permissions for Viewer", "ip_address": "127.0.0.1", "created_at": "2026-07-12T12:25:20.576Z"}}, {"model": "accounts.auditlog", "pk": 107, "fields": {"actor": 1, "action": "role.update", "model_name": "Role", "object_id": "3", "description": "Updated permissions for Viewer", "ip_address": "127.0.0.1", "created_at": "2026-07-12T12:25:21.551Z"}}, {"model": "accounts.auditlog", "pk": 108, "fields": {"actor": 1, "action": "role.update", "model_name": "Role", "object_id": "3", "description": "Updated permissions for Viewer", "ip_address": "127.0.0.1", "created_at": "2026-07-12T12:25:22.251Z"}}, {"model": "accounts.auditlog", "pk": 109, "fields": {"actor": 1, "action": "role.update", "model_name": "Role", "object_id": "1", "description": "Updated permissions for Admin", "ip_address": "127.0.0.1", "created_at": "2026-07-12T12:25:34.190Z"}}, {"model": "accounts.auditlog", "pk": 110, "fields": {"actor": 1, "action": "role.update", "model_name": "Role", "object_id": "1", "description": "Updated permissions for Admin", "ip_address": "127.0.0.1", "created_at": "2026-07-12T12:25:35.022Z"}}, {"model": "accounts.auditlog", "pk": 111, "fields": {"actor": 1, "action": "role.update", "model_name": "Role", "object_id": "1", "description": "Updated permissions for Admin", "ip_address": "127.0.0.1", "created_at": "2026-07-12T12:25:35.543Z"}}, {"model": "accounts.auditlog", "pk": 112, "fields": {"actor": 1, "action": "role.update", "model_name": "Role", "object_id": "1", "description": "Updated permissions for Admin", "ip_address": "127.0.0.1", "created_at": "2026-07-12T12:25:36.122Z"}}, {"model": "accounts.auditlog", "pk": 113, "fields": {"actor": 1, "action": "role.update", "model_name": "Role", "object_id": "1", "description": "Updated permissions for Admin", "ip_address": "127.0.0.1", "created_at": "2026-07-12T12:25:37.011Z"}}, {"model": "accounts.auditlog", "pk": 114, "fields": {"actor": 1, "action": "role.update", "model_name": "Role", "object_id": "1", "description": "Updated permissions for Admin", "ip_address": "127.0.0.1", "created_at": "2026-07-12T12:25:37.555Z"}}, {"model": "accounts.auditlog", "pk": 115, "fields": {"actor": 1, "action": "role.update", "model_name": "Role", "object_id": "1", "description": "Updated permissions for Admin", "ip_address": "127.0.0.1", "created_at": "2026-07-12T12:25:38.061Z"}}, {"model": "accounts.auditlog", "pk": 116, "fields": {"actor": 1, "action": "role.update", "model_name": "Role", "object_id": "1", "description": "Updated permissions for Admin", "ip_address": "127.0.0.1", "created_at": "2026-07-12T12:25:38.464Z"}}, {"model": "accounts.auditlog", "pk": 117, "fields": {"actor": 1, "action": "role.update", "model_name": "Role", "object_id": "2", "description": "Updated permissions for Manager", "ip_address": "127.0.0.1", "created_at": "2026-07-12T12:25:50.585Z"}}, {"model": "accounts.auditlog", "pk": 118, "fields": {"actor": 1, "action": "role.update", "model_name": "Role", "object_id": "2", "description": "Updated permissions for Manager", "ip_address": "127.0.0.1", "created_at": "2026-07-12T12:25:51.158Z"}}, {"model": "accounts.auditlog", "pk": 119, "fields": {"actor": 1, "action": "role.update", "model_name": "Role", "object_id": "2", "description": "Updated permissions for Manager", "ip_address": "127.0.0.1", "created_at": "2026-07-12T12:25:51.899Z"}}, {"model": "accounts.auditlog", "pk": 120, "fields": {"actor": 1, "action": "role.update", "model_name": "Role", "object_id": "2", "description": "Updated permissions for Manager", "ip_address": "127.0.0.1", "created_at": "2026-07-12T12:25:52.348Z"}}, {"model": "accounts.auditlog", "pk": 121, "fields": {"actor": 1, "action": "role.update", "model_name": "Role", "object_id": "2", "description": "Updated permissions for Manager", "ip_address": "127.0.0.1", "created_at": "2026-07-12T12:25:55.510Z"}}, {"model": "accounts.auditlog", "pk": 122, "fields": {"actor": 1, "action": "role.update", "model_name": "Role", "object_id": "2", "description": "Updated permissions for Manager", "ip_address": "127.0.0.1", "created_at": "2026-07-12T12:25:55.561Z"}}, {"model": "accounts.auditlog", "pk": 123, "fields": {"actor": 1, "action": "role.update", "model_name": "Role", "object_id": "2", "description": "Updated permissions for Manager", "ip_address": "127.0.0.1", "created_at": "2026-07-12T12:25:56.104Z"}}, {"model": "accounts.auditlog", "pk": 124, "fields": {"actor": 1, "action": "role.update", "model_name": "Role", "object_id": "2", "description": "Updated permissions for Manager", "ip_address": "127.0.0.1", "created_at": "2026-07-12T12:25:56.587Z"}}, {"model": "accounts.auditlog", "pk": 125, "fields": {"actor": 1, "action": "role.update", "model_name": "Role", "object_id": "2", "description": "Updated permissions for Manager", "ip_address": "127.0.0.1", "created_at": "2026-07-12T12:25:57.316Z"}}, {"model": "accounts.auditlog", "pk": 126, "fields": {"actor": 1, "action": "role.update", "model_name": "Role", "object_id": "2", "description": "Updated permissions for Manager", "ip_address": "127.0.0.1", "created_at": "2026-07-12T12:26:01.989Z"}}, {"model": "accounts.auditlog", "pk": 127, "fields": {"actor": 1, "action": "role.update", "model_name": "Role", "object_id": "2", "description": "Updated permissions for Manager", "ip_address": "127.0.0.1", "created_at": "2026-07-12T12:26:02.556Z"}}, {"model": "accounts.auditlog", "pk": 128, "fields": {"actor": 1, "action": "role.update", "model_name": "Role", "object_id": "2", "description": "Updated permissions for Manager", "ip_address": "127.0.0.1", "created_at": "2026-07-12T12:26:03.196Z"}}, {"model": "accounts.auditlog", "pk": 129, "fields": {"actor": 1, "action": "role.update", "model_name": "Role", "object_id": "2", "description": "Updated permissions for Manager", "ip_address": "127.0.0.1", "created_at": "2026-07-12T12:26:03.764Z"}}, {"model": "accounts.auditlog", "pk": 130, "fields": {"actor": 1, "action": "role.update", "model_name": "Role", "object_id": "2", "description": "Updated permissions for Manager", "ip_address": "127.0.0.1", "created_at": "2026-07-12T12:26:10.534Z"}}, {"model": "accounts.auditlog", "pk": 131, "fields": {"actor": 1, "action": "role.update", "model_name": "Role", "object_id": "2", "description": "Updated permissions for Manager", "ip_address": "127.0.0.1", "created_at": "2026-07-12T12:26:10.976Z"}}, {"model": "accounts.auditlog", "pk": 132, "fields": {"actor": 1, "action": "role.update", "model_name": "Role", "object_id": "2", "description": "Updated permissions for Manager", "ip_address": "127.0.0.1", "created_at": "2026-07-12T12:27:08.972Z"}}, {"model": "accounts.auditlog", "pk": 133, "fields": {"actor": 1, "action": "role.update", "model_name": "Role", "object_id": "2", "description": "Updated permissions for Manager", "ip_address": "127.0.0.1", "created_at": "2026-07-12T12:27:09.514Z"}}, {"model": "accounts.auditlog", "pk": 134, "fields": {"actor": 1, "action": "role.update", "model_name": "Role", "object_id": "1", "description": "Updated permissions for Admin", "ip_address": "127.0.0.1", "created_at": "2026-07-12T12:27:17.385Z"}}, {"model": "accounts.auditlog", "pk": 135, "fields": {"actor": 1, "action": "role.update", "model_name": "Role", "object_id": "1", "description": "Updated permissions for Admin", "ip_address": "127.0.0.1", "created_at": "2026-07-12T12:27:18.328Z"}}, {"model": "accounts.auditlog", "pk": 136, "fields": {"actor": 1, "action": "role.update", "model_name": "Role", "object_id": "1", "description": "Updated permissions for Admin", "ip_address": "127.0.0.1", "created_at": "2026-07-12T12:27:18.728Z"}}, {"model": "accounts.auditlog", "pk": 137, "fields": {"actor": 1, "action": "role.update", "model_name": "Role", "object_id": "1", "description": "Updated permissions for Admin", "ip_address": "127.0.0.1", "created_at": "2026-07-12T12:27:19.289Z"}}, {"model": "accounts.auditlog", "pk": 138, "fields": {"actor": 1, "action": "role.update", "model_name": "Role", "object_id": "1", "description": "Updated permissions for Admin", "ip_address": "127.0.0.1", "created_at": "2026-07-12T12:27:19.806Z"}}, {"model": "accounts.auditlog", "pk": 139, "fields": {"actor": 1, "action": "role.update", "model_name": "Role", "object_id": "1", "description": "Updated permissions for Admin", "ip_address": "127.0.0.1", "created_at": "2026-07-12T12:27:20.363Z"}}, {"model": "accounts.auditlog", "pk": 140, "fields": {"actor": 1, "action": "role.update", "model_name": "Role", "object_id": "1", "description": "Updated permissions for Admin", "ip_address": "127.0.0.1", "created_at": "2026-07-12T12:27:21.490Z"}}, {"model": "accounts.auditlog", "pk": 141, "fields": {"actor": 1, "action": "role.update", "model_name": "Role", "object_id": "1", "description": "Updated permissions for Admin", "ip_address": "127.0.0.1", "created_at": "2026-07-12T12:27:22.326Z"}}, {"model": "accounts.auditlog", "pk": 142, "fields": {"actor": 1, "action": "role.update", "model_name": "Role", "object_id": "1", "description": "Updated permissions for Admin", "ip_address": "127.0.0.1", "created_at": "2026-07-12T12:28:26.909Z"}}, {"model": "accounts.auditlog", "pk": 143, "fields": {"actor": 1, "action": "role.update", "model_name": "Role", "object_id": "1", "description": "Updated permissions for Admin", "ip_address": "127.0.0.1", "created_at": "2026-07-12T12:28:28.800Z"}}, {"model": "accounts.auditlog", "pk": 144, "fields": {"actor": 1, "action": "role.update", "model_name": "Role", "object_id": "1", "description": "Updated permissions for Admin", "ip_address": "127.0.0.1", "created_at": "2026-07-12T12:29:00.786Z"}}, {"model": "accounts.auditlog", "pk": 145, "fields": {"actor": 1, "action": "role.update", "model_name": "Role", "object_id": "1", "description": "Updated permissions for Admin", "ip_address": "127.0.0.1", "created_at": "2026-07-12T12:29:01.403Z"}}, {"model": "accounts.auditlog", "pk": 146, "fields": {"actor": 1, "action": "role.update", "model_name": "Role", "object_id": "1", "description": "Updated permissions for Admin", "ip_address": "127.0.0.1", "created_at": "2026-07-12T12:29:01.933Z"}}, {"model": "accounts.auditlog", "pk": 147, "fields": {"actor": 1, "action": "role.update", "model_name": "Role", "object_id": "1", "description": "Updated permissions for Admin", "ip_address": "127.0.0.1", "created_at": "2026-07-12T12:29:02.549Z"}}, {"model": "accounts.auditlog", "pk": 148, "fields": {"actor": 1, "action": "role.update", "model_name": "Role", "object_id": "1", "description": "Updated permissions for Admin", "ip_address": "127.0.0.1", "created_at": "2026-07-12T12:29:03.545Z"}}, {"model": "accounts.auditlog", "pk": 149, "fields": {"actor": 1, "action": "role.update", "model_name": "Role", "object_id": "1", "description": "Updated permissions for Admin", "ip_address": "127.0.0.1", "created_at": "2026-07-12T12:29:04.110Z"}}, {"model": "accounts.auditlog", "pk": 150, "fields": {"actor": 1, "action": "role.update", "model_name": "Role", "object_id": "1", "description": "Updated permissions for Admin", "ip_address": "127.0.0.1", "created_at": "2026-07-12T12:29:05.030Z"}}, {"model": "accounts.auditlog", "pk": 151, "fields": {"actor": 1, "action": "role.update", "model_name": "Role", "object_id": "1", "description": "Updated permissions for Admin", "ip_address": "127.0.0.1", "created_at": "2026-07-12T12:29:06.692Z"}}, {"model": "accounts.auditlog", "pk": 152, "fields": {"actor": null, "action": "auth.login", "model_name": "Authentication", "object_id": "1", "description": "Signed in from 127.0.0.1", "ip_address": "127.0.0.1", "created_at": "2026-07-12T13:02:25.475Z"}}, {"model": "accounts.auditlog", "pk": 153, "fields": {"actor": 1, "action": "role.update", "model_name": "Role", "object_id": "2", "description": "Updated permissions for Manager", "ip_address": "127.0.0.1", "created_at": "2026-07-12T13:02:34.840Z"}}, {"model": "accounts.auditlog", "pk": 154, "fields": {"actor": 1, "action": "role.update", "model_name": "Role", "object_id": "2", "description": "Updated permissions for Manager", "ip_address": "127.0.0.1", "created_at": "2026-07-12T13:02:36.182Z"}}, {"model": "accounts.auditlog", "pk": 155, "fields": {"actor": 1, "action": "role.update", "model_name": "Role", "object_id": "2", "description": "Updated permissions for Manager", "ip_address": "127.0.0.1", "created_at": "2026-07-12T13:02:36.775Z"}}, {"model": "accounts.auditlog", "pk": 156, "fields": {"actor": 1, "action": "role.update", "model_name": "Role", "object_id": "2", "description": "Updated permissions for Manager", "ip_address": "127.0.0.1", "created_at": "2026-07-12T13:02:37.257Z"}}, {"model": "accounts.auditlog", "pk": 157, "fields": {"actor": 1, "action": "role.update", "model_name": "Role", "object_id": "2", "description": "Updated permissions for Manager", "ip_address": "127.0.0.1", "created_at": "2026-07-12T13:02:37.712Z"}}, {"model": "accounts.auditlog", "pk": 158, "fields": {"actor": 1, "action": "role.update", "model_name": "Role", "object_id": "2", "description": "Updated permissions for Manager", "ip_address": "127.0.0.1", "created_at": "2026-07-12T13:02:38.110Z"}}, {"model": "accounts.auditlog", "pk": 159, "fields": {"actor": 1, "action": "role.update", "model_name": "Role", "object_id": "2", "description": "Updated permissions for Manager", "ip_address": "127.0.0.1", "created_at": "2026-07-12T13:02:38.521Z"}}, {"model": "accounts.auditlog", "pk": 160, "fields": {"actor": 1, "action": "role.update", "model_name": "Role", "object_id": "2", "description": "Updated permissions for Manager", "ip_address": "127.0.0.1", "created_at": "2026-07-12T13:02:39.878Z"}}, {"model": "accounts.auditlog", "pk": 161, "fields": {"actor": 1, "action": "user.create", "model_name": "User", "object_id": "11", "description": "Created user thor@123.com", "ip_address": "127.0.0.1", "created_at": "2026-07-12T13:03:44.501Z"}}, {"model": "accounts.auditlog", "pk": 162, "fields": {"actor": null, "action": "auth.login", "model_name": "Authentication", "object_id": "11", "description": "Signed in from 127.0.0.1", "ip_address": "127.0.0.1", "created_at": "2026-07-12T13:04:38.001Z"}}, {"model": "accounts.auditlog", "pk": 163, "fields": {"actor": null, "action": "auth.login", "model_name": "Authentication", "object_id": "9", "description": "Signed in from 127.0.0.1", "ip_address": "127.0.0.1", "created_at": "2026-07-12T13:06:00.434Z"}}, {"model": "accounts.auditlog", "pk": 164, "fields": {"actor": 9, "action": "role.update", "model_name": "Role", "object_id": "3", "description": "Updated permissions for Viewer", "ip_address": "127.0.0.1", "created_at": "2026-07-12T13:06:19.914Z"}}, {"model": "accounts.auditlog", "pk": 165, "fields": {"actor": 9, "action": "role.update", "model_name": "Role", "object_id": "3", "description": "Updated permissions for Viewer", "ip_address": "127.0.0.1", "created_at": "2026-07-12T13:06:20.989Z"}}, {"model": "accounts.auditlog", "pk": 166, "fields": {"actor": null, "action": "auth.login", "model_name": "Authentication", "object_id": "11", "description": "Signed in from 127.0.0.1", "ip_address": "127.0.0.1", "created_at": "2026-07-12T13:54:14.396Z"}}, {"model": "accounts.auditlog", "pk": 167, "fields": {"actor": null, "action": "auth.login", "model_name": "Authentication", "object_id": "1", "description": "Signed in from 127.0.0.1", "ip_address": "127.0.0.1", "created_at": "2026-07-12T14:16:38.845Z"}}, {"model": "accounts.auditlog", "pk": 168, "fields": {"actor": null, "action": "auth.login", "model_name": "Authentication", "object_id": "1", "description": "Signed in from 127.0.0.1", "ip_address": "127.0.0.1", "created_at": "2026-07-12T14:32:51.286Z"}}, {"model": "accounts.auditlog", "pk": 169, "fields": {"actor": null, "action": "auth.login", "model_name": "Authentication", "object_id": "1", "description": "Signed in from 127.0.0.1", "ip_address": "127.0.0.1", "created_at": "2026-07-12T14:36:50.320Z"}}, {"model": "accounts.auditlog", "pk": 170, "fields": {"actor": null, "action": "auth.login", "model_name": "Authentication", "object_id": "1", "description": "Signed in from 127.0.0.1", "ip_address": "127.0.0.1", "created_at": "2026-07-12T15:58:16.576Z"}}, {"model": "accounts.auditlog", "pk": 171, "fields": {"actor": 1, "action": "UPDATE", "model_name": "User", "object_id": "11", "description": "Updated user thor@123.com", "ip_address": "127.0.0.1", "created_at": "2026-07-12T15:58:32.404Z"}}, {"model": "accounts.auditlog", "pk": 172, "fields": {"actor": null, "action": "auth.login", "model_name": "Authentication", "object_id": "1", "description": "Signed in from 127.0.0.1", "ip_address": "127.0.0.1", "created_at": "2026-07-12T16:46:37.472Z"}}, {"model": "accounts.auditlog", "pk": 173, "fields": {"actor": null, "action": "auth.login", "model_name": "Authentication", "object_id": "1", "description": "Signed in from 127.0.0.1", "ip_address": "127.0.0.1", "created_at": "2026-07-12T17:01:46.009Z"}}, {"model": "accounts.auditlog", "pk": 174, "fields": {"actor": null, "action": "auth.login", "model_name": "Authentication", "object_id": "1", "description": "Signed in from 127.0.0.1", "ip_address": "127.0.0.1", "created_at": "2026-07-12T17:14:17.534Z"}}, {"model": "accounts.auditlog", "pk": 175, "fields": {"actor": null, "action": "auth.login", "model_name": "Authentication", "object_id": "1", "description": "Signed in from 127.0.0.1", "ip_address": "127.0.0.1", "created_at": "2026-07-12T18:15:01.208Z"}}]
